新馬辣,水源市場到師大分部,汀州路三段295號,午餐635晚餐725,$$$$$,台式,鍋物,鍋物,葷,有,50+,"日一二三四五六,0000-0200/1130-2400",mala.png,C
L.A.F burger,水源市場到師大分部,汀州路三段293號2F,200,$$,西式 美式,麵、漢堡,麵食 漢堡,有提供素食,有,35,"一二三四五,1130-1430/1730-2130 六日,1130-2200",burger.png,C H
Bittersweet Bar,水源市場到師大分部,汀州路三段293號,210,$$$,西式 美式,麵、漢堡,麵食 漢堡,葷,有,35,"日一二三四五六,1100-0100",burger.png,C H
李記正客家魷魚羹,水源市場到師大分部,汀州路三段289號,60,$,台式,米粉、麵,麵食,葷,有,10,"日一二三四五六,0650-1930",noodle.png,C H
大埔鐵板燒,水源市場到師大分部,汀州路三段287號,170,$$,台式,飯,米食,葷,有,20,"日一二三四五六,1100-2400",tepanyaki.png,C H
壹森泰食堂,水源市場到師大分部,汀州路三段283號,120,$$,東南亞料理,飯,米食,葷,有,20,"日一二三四五六,1100-2230",southeast.png,C H
順園小館,水源市場到師大分部,汀州路三段281號,200,$$,中式,飯、麵,米食 麵食,葷,有,50+,"一二三四五,1100-1400/1630-2100 六日,1100-1430/1630-2100",ndl2.png,C H
維綸麵食館,水源市場到師大分部,汀州路三段279號,200,$$,中式,飯、麵,米食 麵食,有提供素食,有,50+,"日一二三四五六,1100-1400/1700-2100",ndl2.png,C H
狗一下,水源市場到師大分部,汀州路三段271號,300,$$$,日式,飯、麵、鍋物,米食 麵食 鍋物,葷,有,40,"日一二三四五六,0000-0200/1130-1430/1730-2400",izakaya.png,C
聚英軒,水源市場到師大分部,汀州路三段257號2F,150,$$,台式,麵,麵食,葷,有,50+,"日一二三四五六,1130-2030",ndl2.png,C H
威宇牛排,水源市場到師大分部,汀州路三段257號,270,$$$,台式,牛排、麵,排餐,葷,有,35,"日一二三四五六,1100-2300",steak.png,C H
瑪德蓮小酒館,水源市場到師大分部,汀州路三段192號B1,300-600,$$$ $$$$ $$$$$,西式,飯、麵、牛排,米食 麵食 排餐,有提供素食,有,35,"日一二三四五六,1200-2200",steak.png,H
甘丹鐵板燒,水源市場到師大分部,汀州路三段208號,160,$$,台式,飯,米食,有提供素食,有,25,"一二三四五,1130-1430/1700-2230 六日,1130-2230",tepanyaki.png,C H
三媽臭臭鍋,水源市場到師大分部,汀州路三段206號,130,$$,台式,飯,米食,有提供素食,有,25,"日一二三四五六,1030-1400/1630-2300",hot01.png,C
小飯館兒,水源市場到師大分部,汀州路三段202號,150,$$,韓式,飯、麵、鍋物,米食 麵食 鍋物,葷,有,50+,"一二三四五,1100-1500/1630-2230 六日,1100-2230",korean.png,C
鍋in,水源市場到師大分部,汀州路三段196號,160,$$,台式,飯、麵,米食 麵食,有提供素食,有,50+,"日一二三四五六,1100-2400",hot01.png,C
凰上您好,水源市場到師大分部,汀州路三段174-1號,138,$$,中式,飯,米食,葷,無,0,"日一二三四五六,1000-2230",bento.png,C H
雪鍋168,水源市場到師大分部,汀州路三段168號2F,168,$$,台式 日式,飯,米食,有提供素食,有,50+,"一二三四五,1130-1430/1700-2200 六日,1130-2200",hot01.png,C H
Re: POKE & POT 夏威夷沙拉｜海鮮丼飯,水源市場到師大分部,汀州路三段168號,100-260,$ $$ $$$,韓式,飯、鍋物、烤肉,米食 鍋物 烤物,葷,有,40,"日一二三四五六,1100-2200",korean.png,C H
泰正點泰式料理,水源市場到師大分部,汀州路三段166號,218,$$$,東南亞料理,飯、麵,米食 麵食,葷,有,40,"日一二三四五六,1100-1430/1700-2200",thaicurry.png,C H
Just Curry狂愛咖哩,水源市場到師大分部,汀州路三段164號,148,$$,日式,飯,米食,葷,有,25,"日一二三四五六,1100-2200",curry01.png,C
季丼屋,水源市場到師大分部,羅斯福路四段150號,99,$,日式,飯、麵,米食 麵食,葷,有,30,"日一二三四五六,1130-2045",donburi.png,C H
頂呱呱,水源市場到師大分部,羅斯福路四段134號,149,$$,台式,炸物,炸物,葷,有,30,"日一二三四五六,1100-2200",chicken.png,C H
茗香園冰室,水源市場到師大分部,羅斯福路四段132號2F,170,$$,港式,飯、麵,米食 麵食,葷,有,40,"日一二三四五六,1130-2130",chahan.png,C H
Burgertalks,水源市場到師大分部,羅斯福路四段124號,155,$$,美式 西式,漢堡,漢堡,葷,有,30,"日一二三四五六,1100-2300",burger.png,C H
麥味登,水源市場到師大分部,羅斯福路四段118號,90-160,$ $$,美式 西式 日式,麵、漢堡,麵食 漢堡,葷,有,50+,"日一二三四五六,0700-2100",mwd.png,C H
墨洋拉麵,水源市場到師大分部,羅斯福路四段136巷10號,160-280,$$ $$$,日式,麵,麵食,葷,有,30,"一二三四五,1200-1400/1700-2100 六日,1200-1430/1700-2100",ramen01.png,C
山嵐,水源市場到師大分部,羅斯福路四段136巷1弄13號,270,$$$,日式,麵,麵食,葷,有,15,"日一二三四五六,1130-1430/1715-2045",ramen01.png,C
阿里媽媽,水源市場到師大分部,羅斯福路四段136巷1弄3號,100-140,$ $$,南洋料理,飯、麵,米食 麵食,葷,有,40,"日一二三四五六,1100-1530/1700-2200",thaicurry.png,C H
極麵屋,水源市場到師大分部,羅斯福路四段136巷6弄2號,110-195,$$,日式,飯、麵,米食 麵食,葷,有,30,"一二三四五,1130-1430/1700-2100 六日,1130-1500/1700-2100",ramen01.png,C
京阪豚骨拉麵,水源市場到師大分部,羅斯福路四段136巷6弄6號,90-200,$ $$,日式,飯、麵,米食 麵食,葷,有,35,"一二三四五,1130-1350/1700-2025 六日,1130-1400/1700-2025",ramen01.png,C
公館小吃店,水源市場到師大分部,羅斯福路四段136巷4-1號,30-75,$,台式,飯、麵、米粉、冬粉,米食 麵食,葷,有,20,"日一二三四五六,**",bento.png,C H
The Common,水源市場到師大分部,羅斯福路四段138號3F,130-180,$$,西式,披薩,披薩,葷,有,30,"日一二三四五六,1200-2200",pizza.png,C H
公館蚵仔麵線,水源市場到師大分部,羅斯福路四段136巷,40-60,$,台式,麵線、臭豆腐,麵食 其他,葷,有,20,"日一二三四五六,**",mensen.png,C H
西西里克,水源市場到師大分部,羅斯福路四段138號2F,170-240,$$ $$$,西式,披薩、燒烤、炸物,披薩 烤物 炸物,葷,有,25,"日二三四五六,1100-2200",pizza.png,C H
樂樂韓食,水源市場到師大分部,水源市場59,110,$$,韓式,飯、鍋物,米食 鍋物,葷,有,15,"日一二三四五六,1130-1400/1630-1830",korean.png,C
柯記,水源市場到師大分部,水源市場80,75,$,台式,飯、麵,米食 麵食,葷,有,10,"日一二三四五六,**",noodle.png,C H
咖哩屋,水源市場到師大分部,水源市場98,100,$,日式,飯、麵,米食 麵食,葷,有,10,"日一二三四五六,1100-1400/1600-1830",curry01.png,C
水源食坊,水源市場到師大分部,水源市場73,85,$,台式,飯,米食,葷,有,10,"日一二三四五六,**",bento.png,C H
水源市場美食料理,水源市場到師大分部,水源市場65,80,$,台式,飯、粥,米食,葷,有,15,"日一二三四五六,**",bento.png,C H
龍記,水源市場到師大分部,水源市場32,80-110,$ $$,台式,飯、河粉,米食 麵食,葷,有,10,"日一二三四五六,**",chahan.png,C H
祥記,水源市場到師大分部,水源市場,75-120,$ $$,台式,飯、麵、米粉,米食 麵食,葷,有,30,"日一二三四五六,1100-1500/1700-2000",chahan.png,C H
柯媽的店,水源市場到師大分部,羅斯福路四段136巷,75-90,$,台式,飯、麵、粥、米粉,米食 麵食,有提供素食,有,10,"日一二三四五六,**",bento.png,C H
66屋日式丼飯,水源市場到師大分部,水源市場66,60-130,$ $$,日式,飯、麵,米食 麵食,葷,有,10,"日一二三四五六,**",donburi.png,C H
越南小吃,水源市場到師大分部,水源市場57,85-100,$,東南亞料理,飯、米粉、河粉,米食 麵食,葷,有,10,"日一二三四五六,**",vietnam.png,C H
壹之鄉排骨,水源市場到師大分部,水源市場29,75-100,$,台式,飯,米食,葷,有,15,"日一二三四五六,**",bento.png,C H
祥滿,水源市場到師大分部,水源市場53,60-100,$,台式,飯、麵、米粉,米食 麵食,葷,有,10,"日一二三四五六,**",bento.png,C H
公館米粉湯,水源市場到師大分部,水源市場54,35-60,$,台式,飯、麵、米粉、粥,米食 麵食,葷,有,20,"日一二三四五六,**",bento.png,C
大水元米食,水源市場到師大分部,水源市場25,80-120,$ $$,台式,飯,米食,葷,有,10,"日一二三四五六,**",bento.png,C H
狠台,水源市場到師大分部,水源市場15,75-80,$,台式,飯、麵、米粉,米食 麵食,有提供素食,有,8,"日一二三四五六,**",bento.png,C H
牛,水源市場到師大分部,水源市場,60-140,$ $$,台式,麵,麵食,葷,有,10,"日一二三四五六,**",noodle.png,C H
竹的丼飯屋,水源市場到師大分部,水源市場8,65-80,$,日式,飯,米食,葷,有,10,"日一二三四五六,**",donburi.png,C H
虹岩屋,水源市場到師大分部,水源市場18,70-90,$,台式,飯、冬粉、河粉,米食 麵食,葷,有,15,"日一二三四五六,**",bento.png,C H
白帝城川式滷味,水源市場到師大分部,羅斯福路四段136巷8號,不拘,$ $$ $$$ $$$$ $$$$$,中式,麵、冬粉、粄條,麵食,葷,有,15,"日一二三四五六,1630-2400",burger.png,C H
sukiya,溫州街,台北市大安區羅斯福路三段309號,100-300,$ $$ $$$,日式,飯,米食,葷,有,15,"日一二三四五六,0000-2400",sukiya.png,C H
埃及沙威瑪王,溫州街,台北市大安區羅斯福路三段325號,50-70,$,埃及式,沙威瑪、肉,沙威瑪,葷,無,0,"日一二三四五六,1100-2200",sawama.png,C H
大學口胡椒餅,溫州街,台北市大安區羅斯福路三段333巷2-1號,40-100,$,台式,胡椒餅、肉,胡椒餅,葷,無,0,"日一二三四五六,1200-2100",pepper.png,C H
粥粥頌廣東粥,溫州街,台北市大安區羅斯福路三段333巷2-1號,70-100,$,中式,飯、麵,米食 麵食,葷,有,6,"日一二三四五六,1000-2030",okayu.png,C
小林阿盛壽司,溫州街,台北市大安區羅斯福路三段333巷2-1號(12/25搬家),60-120,$ $$,日式,壽司、生魚片,米食,葷,有,16,"一二四五六,1100-2000",sushi.png,H
興隆涼麵,溫州街,台北市大安區羅斯福路三段333巷1號,10-100,$,台式,麵、臭豆腐,麵食 炸物,葷,有,7,"日一二三四五六,1100-2230",coldnoodle.png,H
上賀麵食館,溫州街,台北市大安區羅斯福路三段333巷2-1號,60-120,$ $$,中式,飯、麵,米食 麵食,葷,有,30,"日一二三四五六,1100-2230",vege.png,C H
金湯匙豆花坊,溫州街,台北市大安區羅斯福路三段333巷4號,90-140,$ $$,台式,飯,米食,全素,有,24,"日一二三四五六,1100-2100",vege.png,C H
小飯廳,溫州街,106台北市大安區羅斯福路三段333巷6號,100-200,$ $$,中式,飯,米食,葷,有,40,"日一二三四五六,1130-1500/1700-2100",bento.png,C H
BrassJoy cafe 銅樂咖啡,溫州街,106台北市大安區新生南路三段96號-1號,150-400,$$ $$$ $$$$,西式,麵、漢堡、沙拉,麵食 漢堡 沙拉,葷,有,40,"日一二三四五六,1100-2200",burger.png,C H
肯德基,溫州街,106台北市大安區新生南路三段96-1號,100-200,$ $$,美式 西式,漢堡、炸物,漢堡 炸物,葷,有,50+,"日一二三四五六,0700-2400",chicken.png,C H
俄羅斯城堡,溫州街,106台北市大安區羅斯福路三段333巷14號,150-400,$$ $$$ $$$$,西式,飯、肉,米食 烤物,葷,有,24,"日一二三四五六,1200-1500/1700-2130",russia.png,C H
中一蔬食園,溫州街,"號, No. 20羅斯福路三段333巷大安區台北市106",70,$,台式,飯,米食,全素,有,10,"一二三四五,1100-1430/1700-2030 六,1100-1430",vege.png,C H
集客人間茶館,溫州街,106台北市大安區羅斯福路三段333巷18號,250-400,$$$ $$$$,中式,鍋物、烤肉,鍋物 烤物,葷,有,50+,"一二三四五,1100-2200 六日,1100-2300",hot01.png,C
Cafe Bastille,溫州街,106台北市大安區溫州街91號,200-300,$$ $$$,西式,飯、麵,米食 麵食,葷,有,30,"日一二三四五六,1200-2400",pasta01.png,C H
好想吃冰,溫州街,106台北市大安區溫州街80號,100-300,$ $$ $$$,日式,飯、麵,米食 麵食,有提供素食,有,24,"日一二三四五六,1200-2100",ice.png,H
韓庭州 韓式料理,溫州街,106台北市大安區溫州街87號,140-400,$$ $$$ $$$$,韓式,鍋物、飯,米食 鍋物,葷,有,50+,"日一二三四五六,1100-1430/1700-2100",korean.png,C
彼克蕾友善咖啡館,溫州街,106台北市大安區新生南路三段76巷5號,150-300,$$ $$$,西式,飯、麵、披薩,米食 麵食 披薩,葷,有,30,"一二三四五,1130-2130 六日,1030-2130",pasta02.png,C H
光一肆號,溫州街,106台北市大安區新生南路三段76巷2號,300-500,$$$ $$$$,西式,麵、麵包、三明治、沙拉,麵食 麵包 三明治 沙拉,葷,有,50+,"一二三四五,1000-2100 六日,0900-2100",cafe.png,C H
寶貝咖哩,溫州街,106台北市大安區新生南路三段72-5號,80-150,$ $$,日式,飯,米食,有提供素食,有,8,"日一二三四五六,1100-1400/1630-2030",curry02.png,C
NoName無名咖哩,溫州街,106台北市大安區新生南路三段68-2號巷子進來第三間,150-200(內用)/120-150(外帶）,$$,日式,飯,米食,葷,有,24,"日一二三四五,1100-1400/1600-2000",curry02.png,C
溏老鴨 平價小火鍋,溫州街,106台北市大安區新生南路三段70巷3號,140-220,$$ $$$,台式,鍋物,鍋物,葷,有,50+,"日一二三四五六,1140-1500/1700-2200",hot01.png,C
蘇活義大利麵坊,溫州街,106台北市大安區新生南路三段60巷3號,200-330,$$ $$$ $$$$,西式,麵,麵食,葷,有,40,"日一二三四五六,1130-1430/1700-2130",pasta02.png,C H
璞田,溫州街,10660台北市大安區新生南路三段60巷5號,110-230,$$ $$$,西式 日式,飯、排餐,米食 排餐,葷,有,50+,"一二三四五六,1130-1400/1700-2045",steak.png,C H
POST霞飛驛歐法點餐,溫州街,106台北市大安區新生南路三段60巷8號,150-350,$$ $$$ $$$$,西式,麵、飯,米食 麵食,葷,有,50+,"日一二四五六,1100-1430/1700-2130",pasta01.png,C H
稻咖哩,溫州街,106台北市大安區溫州街79號,180-300,$$ $$$,日式,飯,米食,葷,有,20,"日二三四五六,1700-2100",curry02.png,C
璞豆咖啡.日常,溫州街,106台北市大安區溫州街66號,280,$$$,日式 西式,排餐,排餐,葷,有,15,"日二三四五六,1200-2000",steak.png,C H
野餐咖啡,溫州街,106台北市大安區溫州街75號,130-210,$$ $$$,西式,鹹派、沙拉、司康,派 沙拉 其他,葷,有,35,"一二三四五,1300-2300 六日,1200-2300",cafe.png,H
感恩小館,溫州街,10660台北市大安區新生南路三段56巷6號,180-300,$$ $$$,西式,麵、飯,米食 麵食,葷,有,50+,"二三四五,1200-2130 六日,1130-2130",cafe.png,C H
女巫店,溫州街,106台北市大安區新生南路三段56巷7號,120-300,$$ $$$,西式,吐司,麵包,葷,有,40,"日一二三四,1000-2300 五六,1000-2400",cafe.png,C H
鳳城燒臘粵菜,溫州街,106台北市大安區新生南路三段58之3號,90-200,$ $$,中式 港式,飯、麵、河粉,米食 麵食,葷,有,50,"日一二三四五六,1100-2030",bento.png,C H
溫州大餛飩,溫州街,106台北市大安區新生南路三段54-7號,40-85,$,中式,麵、餛飩、炒手,麵食 餃類,葷,有,30,"日一二三四五六,1000-2145",noodle.png,C
大聲公 台大牛肉麵店,溫州街,106台北市大安區新生南路三段54之6號,80-200,$ $$,台式,麵、冬粉、水餃,麵食 餃類,葷,有,30,"日二三四五六,1130-1500/1700-2100",dumpling.png,C
鳳城臘味家,溫州街,106台北市大安區羅斯福路三段283巷6號,100-140,$ $$,中式 港式,飯、麵、河粉,米食 麵食,葷,有,40,"日一二三四五六,1100-1430/1630-2030",hk.png,C H
上好魚翅燕窩,溫州街,106台北市大安區新生南路三段68-1號,350-3000,$$$ $$$$ $$$$$,中式,桌菜,桌菜,葷,有,40,"日一二三四五六,1130-1400/1715-2100",fin.png,C H
爭鮮,溫州街,106台北市大安區新生南路三段88-4號,30+,$ $$ $$$ $$$$ $$$$$,日式,壽司,米食,葷,有,40,"日一二三四五六,1100-2130",sushi.png,H
麥當勞,溫州街,106台北市大安區新生南路三段88-2號,50-300,$ $$ $$$,美式 西式,漢堡、炸物,漢堡 炸物,葷,有,50+,"日一二三四五六,0000-2400",mcdonald.png,C H
公館卜乘輕食滷味,溫州街,"號, No. 106羅斯福路四段中正區台北市100",100-200,$ $$,台式,滷味,滷味,葷,無,0,"日一二三四五六,1150-2130",luway.png,C H
imperfect coffee & matcha,溫州街,106台北市大安區新生南路三段96-5號2樓,280,$$$,日式,飯糰、排餐,米食 排餐,葷,有,30,"日一二三四五六,1200-2230",tea.png,C H
七里亭,溫州街,106台北市大安區羅斯福路三段333巷8號,95-100,$,台式 中式 日式 東南亞料理,飯,米食,葷,有,30,"日一二三四五六,1100-1530/1700-2130",bento.png,C H
雪可屋,溫州街,106台北市大安區溫州街86號,50-150,$ $$,台式 西式,飯、炸物、吐司、點心,米食 炸物 麵包 點心,葷,有,40,"一二三五,1200-0100 六日,1030-2400",snow.png,C H
廣東汕頭至香園,溫州街,106台北市大安區新生南路三段86巷15號,80-200,$ $$,中式,麵,麵食,葷,有,40,"五六日一二三,1130-1400/1730-2030 四,1130-1400",spicyndl.png,C H
咖哩先生,溫州街,106台北市大安區新生南路三段70巷6號後棟（橘色外牆）,300-600,$$$ $$$$ $$$$$,中式,桌菜,桌菜,葷,有,20,"日二三四五六,1200-2100",snow.png,C H
OD Cafe,溫州街,106台北市大安區溫州街58巷2號,130-260,$$ $$$,西式 東南亞料理 南洋料理,麵、飯,米食 麵食,有提供素食,有,25,"日一二三四五六,1200-2200",pasta01.png,C H
柒食貳,溫州街,106台北市大安區溫州街72號,50-100,$,台式 東南亞料理 日式,飯,米食,葷,有,30,"日一二三四五六,1100-1515/1700-2100",bento.png,C H
左巴好室．好事,溫州街,106台北市大安區溫州街74巷1弄2號,270-420,$$$ $$$$,西式 美式,飯、麵、排餐,米食 麵食 排餐,葷,有,50+,"一二三四五,1100-2200 六日,1000-2200",steak.png,C H
Cafe Odeon,溫州街,106台北市大安區新生南路三段86巷11號,190-220,$$ $$$,西式,麵、飯、沙拉,米食 麵食 沙拉,葷,有,50+,"日一二三四五六,1400-0200",cafe.png,C H
好處 Have A Nice Day,溫州街,106台北市大安區羅斯福路三段283巷14弄30號,1200-2200,$$$$$,西式,沙拉、排餐,沙拉 排餐,葷,有,30,"日二三四五六,1100-2200",steak.png,C H
Apple Museum Cafe,溫州街,106台北市大安區溫州街74巷3弄5號,100-200,$ $$,西式,飯、麵,米食 麵食,葷,有,40,"一二三四五六,1200-2100",cafe.png,C H
麥子磨麵,溫州街,106台北市大安區羅斯福路三段283巷22號,105-150,$$,日式,麵,麵食,葷,有,40,"日一二三四五六,1130-1430/1700-2030",noodle.png,C H
Kitchen66,溫州街,106台北市大安區溫州街74巷3弄11號,160-400,$$ $$$ $$$$,美式,漢堡、披薩,漢堡 披薩,葷,有,40,"日二三四五六,1130-2100",burger.png,C H
開心農場素食店,溫州街,106台北市大安區羅斯福路三段283巷16號,35-120,$ $$,台式,麵、鍋物,麵食 鍋物,全素,有,25,"一二三四五六,1100-1400/1700-2000",hot01.png,C
有意思居酒食堂,溫州街,106台北市大安區新生南路三段86巷17號,160-600,$$ $$$ $$$$ $$$$$,日式,飯、沙拉、生魚片、烤物,米食 沙拉 烤物,葷,有,50+,"日一二三四五六,1200-1430/1730-2330",sushi.png,H
三個傻瓜蔬食印度餐廳,溫州街,106台北市大安區羅斯福路三段283巷28號,240-500,$$$ $$$$,南洋料理,飯、咖哩,米食,葷,有,20,"一二三四五,1130-1430/1730-2130 六日,1130-2130",mdeast.png,C H
沙巴巴中東美食,溫州街,106台北市大安區羅斯福路三段283巷17號,170-220,$$ $$$,中東料理,烤餅,烤餅,葷,有,40,"一二三四五,1200-1430/1700-2100 六日,1200-2100",mdeast.png,C
漁人食舖,溫州街,106台北市大安區羅斯福路三段283巷36號,180-380,$$ $$$ $$$$,日式,飯、生魚片,米食,葷,有,20,"二三四五,1700-2200 六日,1200-1430/1700-2200",sasimi.png,H
海賊食堂,溫州街,106台北市大安區羅斯福路三段283巷19弄2號,90-180,$ $$,台式,麵、飯、炒手、雲吞,米食 麵食 餃類,有提供素食,有,40,"日一二三四五六,1100-2200",bento.png,C H
滇味小館,溫州街,106台北市大安區羅斯福路三段283巷8號,90-120,$ $$,中式,麵、飯,米食 麵食,葷,有,35,"日一二三四五六,1100-1400/1700-2100",southeast.png,C H
蠶居,溫州街,106台北市大安區羅斯福路三段283巷7弄2號,80-150,$ $$,中式,飯、麵,米食 麵食,葷,有,50+,"日一二三四五六,1030-2100",bento.png,C H
希臘左巴,溫州街,106台北市大安區羅斯福路三段283巷7弄16號,280-520,$$$ $$$$ $$$$$,西式,飯、肉派、麵,米食 麵食 派,葷,有,30,"日一二三四五六,1100-2200",pasta02.png,C H
牛洞食堂,溫州街,106台北市大安區羅斯福路三段277-1號,85-220,$ $$ $$$,日式,飯,米食,葷,有,50+,"一二三四五,1130-1600/1700-2100 六日,1130-2100",donburi.png,C H
素德蔬食,溫州街,106台北市大安區羅斯福路三段283巷21號,自助餐,$ $$ $$$ $$$$ $$$$$,台式,飯,米食,全素,有,50+,"日一二三四五六,1100-1400/1700-1930",vege.png,C H
Quichez 派出所,溫州街,106台北市大安區溫州街74巷14號,100-150,$ $$,西式,鹹派,派,葷,有,5,"日一二三四五六,0900-2130",pie.png,H
泰街頭,溫州街,10648台北市大安區溫州街74巷6號,110-180,$$,東南亞料理,飯、麵、河粉、冬粉,米食 麵食,葷,有,14,"日一二三四五六,1130-1430/1700-2100",vietnam.png,C H
阿英滷肉飯,溫州街,106台北市大安區溫州街74巷5弄1號,30-200,$ $$,中式,飯、麵,米食 麵食,葷,有,25,"日一二三四五,1130-1330/1730-2000",porkrice.png,C H
德滿芬專門店,溫州街,106台北市大安區羅斯福路三段283巷38號,100-300,$ $$ $$$,西式,麵、三明治,麵食 三明治,葷,有,20,"日二三四五六,1200-1800",pasta01.png,C H
小川西堂,溫州街,106台北市大安區羅斯福路三段283巷38號,80-300,$ $$ $$$,中式,麵,麵食,葷,有,20,"日一二三四五六,1100-1500/1700-2100",spicyndl.png,C H
半路咖啡,溫州街,106台北市大安區羅斯福路三段269巷51弄9號,80-120,$ $$,日式 西式,飯、潛艇堡、鹹派,米食 潛艇堡 派,葷,有,30,"日一三四五六,1400-2400",cafe.png,C H
Masala House 香料館,溫州街,106台北市大安區羅斯福路三段269巷6號,130-300,$$ $$$,南洋料理,飯、烤餅,米食 烤餅,葷,有,40,"日一二四五六,1130-1400/1730-2100",hk.png,C
歐嬤德式美食 哥德店,溫州街,106台北市大安區辛亥路一段30號,160-420,$$ $$$ $$$$,西式,飯、排餐、麵包,米食 麵包 排餐,葷,有,30,"日一二三四五六,0900-2100",steak.png,C H
Fl?gel Studio,溫州街,106台北市大安區辛亥路一段34巷3號一樓,200-350,$$ $$$ $$$$,西式,麵包、鹹派,麵包 派,葷,有,30,"一三四五,1400-1900 六日,1300-1900",cafe.png,H
歐嬤德式烘焙 公館總店,溫州街,106台北市大安區辛亥路一段46號,160-420,$$ $$$ $$$$,西式,飯、排餐、麵包,飯 排餐 麵包,葷,有,30,"日一二三四五六,0700-2030",steak.png,C H
滴咖啡,溫州街,106台北市大安區辛亥路一段50號,100-600,$ $$ $$$ $$$$ $$$$$,西式,肉派、排餐、沙拉、麵,派 麵食 排餐 沙拉,葷,有,20,"日一二三四五六,1000-2300",steak.png,C H
達美樂台大店,溫州街,106台北市大安區辛亥路一段56號 1樓,300-1000,$$$$ $$$$$,台式 西式,披薩,披薩,有提供素食,無,0,"日一二三四,1100-2200 五六,1100-2300",pizza.png,C H
喜鵲咖啡,溫州街,106台北市大安區羅斯福路三段269巷74號,160-230,$$ $$$,西式,沙拉、潛艇堡、披薩,潛艇堡 沙拉 披薩,葷,有,30,"日一二三四五六,1300-2245",pizza.png,C H
葛樂蒂咖啡館,溫州街,106台北市大安區辛亥路一段136號,170-400,$$ $$$ $$$$,西式,鹹派、沙拉,派 沙拉,有提供素食,有,20,"日一二三四五六,1130-2130",cafe.png,H
樹下蘇活,溫州街,106台北市大安區溫州街48-1號號,200-520,$$ $$$ $$$$ $$$$$,西式,沙拉、派、排餐,派 沙拉 排餐,葷,有,15,"日一三四五六,1130-2200",steak.png,C H
老先覺,溫州街,106台北市大安區羅斯福路三段283巷18號,150-250,$$ $$$,中式,鍋物、滷味,鍋物 滷味,有提供素食,有,50+,"日一二三四五六,1130-2200",hot01.png,C
越南清化河粉,溫州街,106台北市大安區溫州街74巷8號,80-180,$ $$,東南亞料理,河粉、米線,麵食,葷,有,20,"日二三四五六,1130-1500/1700-2030",vietnam.png,C H
Rebirth Cafe & Restaurant,溫州街,106台北市大安區溫州街48巷2號,200-300,$$ $$$,中式 西式 日式,烤物、飯、麵,米食 麵食 烤物,葷,有,40,"日一二三四五六,0000-0200/1400-2400",snow.png,C H
AGCT apartment,溫州街,106台北市大安區溫州街49巷2-2號號3F,200-250,$$ $$$,西式,派、三明治、沙拉、麵,麵食 三明治 沙拉 派,葷,有,20,"日一二三四五六,1200-1800",pasta02.png,C H
找到咖啡,溫州街,106台北市大安區羅斯福路四段1號2樓,250-400,$$$ $$$$,西式 中式 日式,飯、排餐、麵包,米食 排餐 麵包,葷,有,50+,"日一二三四五六,1000-2000",steak.png,C H
轉角咖啡 L'angolo Caff?,118,106台北市大安區和平東路二段96巷53號,150-200,$$,西式,糕點、輕食,輕食,有提供素食,有,20,"日一二三四五六,0900-1900",coffee01.png,C H
貝菈小屋,118,106台北市大安區辛亥路二段159號,160-270,$$ $$$,西式,麵,麵食,有提供素食,有,30,"日一二三四五六,1130-1430/1700-2100",pasta01.png,C H
厚宅,118,106台北市大安區辛亥路二段169號,110-190,$$,日式,飯,米食,葷,有,40,"一二三四五六,1100-1400/1700-2000",curry01.png,C
lazy thai,118,106台北市大安區辛亥路二段165號,100-150,$ $$,東南亞料理,飯,米食,有提供素食,有,30,"日一二三四五六,1130-1400/1700-2000",southeast.png,C H
starbucks,118,106台北市大安區辛亥路二段175號,90-200,$ $$,西式,咖啡、糕點、輕食,輕食 糕點,有提供素食,有,50,"一二三四五,0630-2000 六日,0630-1900",starbucks.png,C H
JJ's Poke & Cafe,118,106台北市大安區辛亥路二段199號,80-150,$ $$,美式,飯,米食,有提供素食,有,40,"日一二三四五六,1100-2000",poke.png,H
正香馬來西亞餐室,118,106台北市大安區辛亥路二段203號,100-200,$ $$,南洋料理 東南亞料理,飯,米食,葷,有,40,"日一三四五六,1130-1400/1730-2000",southeast.png,C H
蘇草,118,106台北市大安區辛亥路二段209號,120-300,$$ $$$,西式,麵、飯、糕點、輕食,米食 麵食 輕食 糕點,有提供素食,有,30,"日一二三四五六,1000-2100",coffee01.png,C H
露易莎,118,106台北市大安區辛亥路二段205號,40-80,$,西式,糕點、輕食,糕點 輕食,有提供素食,有,50+,"日一二三四五六,0730-2000",louisa.png,C H
川味辛亥小吃,118,106台北市大安區辛亥路二段201號,300-500,$$$ $$$$,中式,飯,米食,葷,有,40,"日二三四五六,1100-2000",beefndl.png,C
喜川麵館,118,106台北市大安區辛亥路二段215號,100-150,$ $$,中式,麵,麵食,葷,有,30,"日一二三四五六,1130-1400/1700-2000",beefndl.png,C
Gugo Kitchen 無國界料理x融合式空間,118,106台北市大安區羅斯福路四段1號(社科院),100-200,$ $$,西式,義大利麵,麵食,有提供素食,有,50+,"日一二三四五六,0830-2100",pasta01.png,C H
BeansLab coffee 豆研咖啡館,118,106台北市大安區辛亥路二段171巷6弄6號,200-300,$$ $$$,西式,糕點、輕食,糕點 輕食,有提供素食,有,20,"日一二三四五六,0900-1800",coffee01.png,H
大李水餃,118,106台北市大安區和平東路二段118巷54弄35號,50-100,$,台式,麵、水餃,麵食 水餃,葷,有,40,"一二三四五六,1130-1400/1700-2000",dumpling.png,C H
韓喜堂,118,106台北市大安區和平東路二段118巷54弄29號,100-200,$ $$,韓式,飯、麵,米食 麵食,葷,有,40,"一二三四五六,1100-1930",korean.png,C H
麻吉食堂,118,106台北市大安區和平東路二段118巷54弄18號,80-150,$ $$,台式,飯、漢堡,飯食 漢堡,葷,有,30,"一二三四五,1130-1400/1700-1945",bento.png,C H
淺草日式飯糰,118,106台北市大安區和平東路二段118巷54弄13號,25-50,$,日式,飯,米食,有提供素食,有,5,"一二三四五六,0700-1800",onigiri.png,C H
合益佳雞肉飯,118,106台北市大安區和平東路二段118巷54弄7號,50-100,$,台式,飯、麵,米食 麵食,葷,有,40,"一二三四五,1100-1400/1600-2050",porkrice.png,C H
微笑廚房洋食館,118,106台北市大安區和平東路二段118巷54弄3號,100-200,$ $$,西式,義大利麵,麵食,有提供素食,有,40,"一二三四五六,1130-1430/1700-2000",pasta02.png,C H
咖哩戰線,118,106台北市大安區和平東路二段118巷54弄9號,50-100,$,日式,飯,米食,葷,有,40,"日一二三四五六,1100-2000",curry01.png,C
北方風味麵食之家,118,106台北市大安區和平東路二段118巷54弄11號,70-100,$,中式,麵、水餃,麵食 餃類,葷,有,30,"一二三四五,1100-1400/1600-2000",dumpling.png,C H
安好食,118,106台北市大安區和平東路二段118巷54弄6號,40-80,$,日式,麵、輕食,麵食 輕食,葷,有,20,"一二三四五,0700-1400",bf.png,C H
蔥燉牛肉麵,118,106台北市大安區和平東路二段118巷54弄1號,60-150,$ $$,台式,麵、水餃,麵食 餃類,葷,有,30,"日一二三四五,1100-1500/1700-2000",beefndl.png,C H
遊藝思文創空間,118,106台北市大安區辛亥路二段171巷15號,150-300,$$ $$$,西式,咖啡、糕點、輕食,糕點 輕食,葷,有,20,"日二三四五六,1100-2300",coffee01.png,H
親來食堂,118,106台北市大安區和平東路二段118巷52弄14號,70-110,$ $$,台式,飯,米食,葷,有,20,"一二三四五,1130-1400/1700-1930",bento.png,C H
上品食堂,118,106台北市大安區和平東路二段118巷52弄3號,70-150,$ $$,台式,飯,米食,葷,有,50+,"一二三四五六,1100-2000",bento.png,C H
台大黑飯糰,118,106台北市大安區辛亥路二段171巷10號,30-60,$,台式,飯,米食,有提供素食,無,0,"一二三四五,0600-1030",bf.png,C H
北方大陸餅,118,106台北市大安區辛亥路二段171巷12號,30-100,$,中式,輕食,輕食,有提供素食,無,0,"一二三四五六,0600-1300",bf.png,C H
揪食堂,118,106台北市大安區辛亥路二段171巷25號,150-250,$$ $$$,韓式,飯、麵,米食 麵食,葷,有,40,"一二三四五六,1130-1430/1730-2030",korean.png,C H
四面八方,118,106台北市大安區復興南路二段340巷10號,70-100,$,中式,麵、水餃,麵食 餃類,葷,有,40,"日一二三四五六,1100-2100",noodle.png,C H
願有記,118,106台北市大安區復興南路二段340巷7號,50-100,$,中式 港式,輕食,輕食,葷,有,30,"一二三四五六,1130-2030",negi.png,C H
山林美食館,118,106台北市大安區辛亥路二段171巷31號,50-100,$,台式,輕食,輕食,葷,有,20,"日一二三四五六,0430-1330",bf.png,C H
九品早餐店,118,106台北市大安區辛亥路二段171巷27號,50-100,$,台式,輕食,輕食,葷,有,20,"一二三四五六,0530-1400",bf.png,C H
96巷麵店,118,106台北市大安區和平東路二段96巷12-2號,40-70,$,台式,麵,麵食,葷,有,40,"日二三四五六,0640-1420",noodle.png,C H
陳金水,118,106台北市大安區和平東路二段96巷12號,50-100,$,中式,麵,麵食,葷,有,20,"日一二三四五六,0630-1430",noodle.png,C H
香料廚房,118,106台北市大安區和平東路二段96巷10弄1號,200-300,$$ $$$,中式 西式,飯、麵,米食 麵食,葷,有,40,"一二三四五六,1100-2100",southeast.png,C H
謝老闆涼麵,118,106台北市大安區和平東路二段96巷8號,40-60,$,台式,飯、麵,米食 麵食,有提供素食,有,20,"一二三四五六,0730-1400",coldnoodle.png,H
邦食堂,118,106台北市大安區和平東路二段96巷17弄28號,120-170,$$,日式,飯,米食,葷,有,30,"一二三四五六,1130-1400/1730-2000",donburi.png,C H
此燈亮有餅,118,106台北市大安區和平東路二段118巷44號,40-100,$,中式,麵、米粉,麵食,葷,有,20,"日一二三四六,1100-2030",negi.png,C H
台越美食,118,106台北市大安區和平東路二段96巷15-1號,70-100,$,東南亞料理,飯、河粉,米食 麵食,葷,有,20,"一二三四五六,1100-2030",vietnam.png,C H
Stoppage Time補時,118,106台北市大安區和平東路二段96巷15弄30號,150-250,$$ $$$,西式,咖啡、糕點、輕食,糕點 輕食,有提供素食,有,30,"日一二三四五六,1100-2300",coffee01.png,H
3隻貓頭鷹文創,118,106台北市大安區和平東路二段96巷15弄38號,200-350,$$ $$$ $$$$,美式,漢堡、輕食,漢堡 輕食,有提供素食,有,50+,"一二三四五,1100-2100 六日,0900-2130",coffee01.png,C H
蔬菓in,118,106台北市大安區辛亥路二段221-1號,40-80,$,中式,麵、飯、輕食,米食 麵食 輕食,全素,有,20,"日一二三四六,1100-1500/1630-2000",coffee01.png,C H
台灣第一腿,118,106台北市大安區和平東路二段118巷73號,80-90,$,中式 東南亞料理,飯,米食,葷,有,30,"日一二三四五六,1000-2000",bento.png,C H
高和食堂,118,106台北市大安區和平東路二段118巷60號,100-300,$ $$ $$$,日式,飯、麵,米食 麵食,葷,有,30,"日一二三四五六,1130-2030",ramen01.png,C H
源士林粥品,118,106台北市大安區和平東路二段118巷67-1號,70-120,$ $$,台式,粥,米食,有提供素食,有,30,"日一二三四五六,1100-2040",okayu.png,C
珍品味泰式碳烤(師大第一腿),118,106台北市大安區和平東路二段118巷67號,100-130,$ $$,東南亞料理,飯,米食,葷,有,30,"一二三四五六,1030-2000",bento.png,C H
二八麵堂,118,106台北市大安區和平東路二段118巷65-4號,30-100,$,台式,飯、麵,米食 麵食,有提供素食,有,40,"一二三四五六,1100-1500/1700-2000",noodle.png,C H
紫牛平價牛排,118,106台北市大安區和平東路二段118巷69號,120-250,$$ $$$,美式 西式,牛排,排餐,葷,有,50,"日一二三四五六,1130-2100",steak.png,C H
師大附中水煎包,118,106台北市大安區和平東路二段118巷63號,15-30,$,台式,輕食,輕食,有提供素食,有,10,"一二三四五六,0630-1130",negi.png,C H
李記水餃,118,106台北市大安區和平東路二段118巷54弄1號,50-100,$,台式,麵、水餃,麵食 餃類,葷,有,40,"一二三四五六,1100-1400/1700-2000",dumpling.png,C H
穰穰,118,106台北市大安區和平東路二段118巷61-1號,35-130,$ $$,台式,飯、麵,米食 麵食,葷,有,50+,"一二三四五,1100-1400/1700-2000 六,1100-1500",noodle.png,C H
憶馬當鮮,118,106台北市大安區和平東路二段118巷61號,120-280,$$ $$$,南洋料理,飯、麵,米食 麵食,有提供素食,有,40,"日一二三四五,1130-1400/1700-2000",southeast.png,C H
笑嘻嘻港式現炒飯麵,118,106台北市大安區和平東路二段118巷59號,80-115,$ $$,中式 港式,飯、麵,米食 麵食,葷,有,40,"日一二三四五六,1100-1430/1700-2100",chahan.png,C H
五九麵館,118,106台北市大安區和平東路二段118巷59號,40-115,$ $$,中式,麵,麵食,有提供素食,有,40,"一二三四五,1100-1400/1700-2000 六,1100-1500",noodle.png,C H
郭董麻辣牛肉麵,118,106台北市大安區和平東路二段118巷59號,65-135,$ $$,中式,麵,麵食,葷,有,30,"日一二三四五六,1130-1430/1700-2030",beefndl.png,C H
i'm pasta,118,106台北市大安區和平東路二段118巷50號,80-155,$ $$,西式,麵,麵食,葷,有,40,"日一二三四五六,1100-1530/1700-2030",pasta01.png,C H
小李子蘭州牛肉拉麵館,118,106台北市大安區和平東路二段118巷57號,90-290,$ $$ $$$,中式,麵,麵食,葷,有,40,"日一二三四五,1130-1430/1700-2030",spicyndl.png,C H
呂巷仔內米粉湯,118,106台北市大安區和平東路二段118巷48號,25-50,$,台式,麵、米粉,麵食,葷,有,40,"一二三四五六,1030-1430/1600-2000",noodle.png,C H
台南周式冰鎮滷味,118,106台北市大安區和平東路二段118巷53號,90-320,$ $$ $$$ $$$$,台式,滷味,滷味,葷,無,0,"日一二三四五六,1000-2200",luway.png,C H
河內美食,118,106台北市大安區和平東路二段118巷61號,90-110,$ $$,越式 東南亞料理,飯、麵、河粉,米食 麵食,葷,有,15,"日一二三四五六,1100-2100",vietnam.png,C H
滇味小廚,118,106台北市大安區復興南路二段340巷5號,85-150,$ $$,東南亞料理,飯、麵、米粉,米食 麵食,葷,有,40,"日一二三四五六,1100-1400/1700-2100",southeast.png,C H
fudge,118,106台北市大安區和平東路二段118巷51號,50-80,$,西式,糕點,糕點,葷,無,0,"一二三四五,1100-1600",cafe.png,H
好餵健康餐盒,118,106台北市大安區復興南路二段340巷5號,90-130,$ $$,台式,飯,米食,有提供素食,有,20,"一二三四五,1100-2000",healthy.png,C H
馬祖麵館,118,106台北市大安區和平東路二段118巷49-1號,40-80,$,中式,飯、麵,米食 麵食,葷,有,30,"日一二三四五六,1030-2045",noodle.png,C H
搗飛豆花,118,106台北市大安區和平東路二段118巷47號,40-65,$,台式,輕食,輕食,有提供素食,有,20,"日一二三四五六,1100-2230",tofupuddng.png,C H
蒜翻天鹽酥雞,118,106台北市大安區和平東路二段118巷44號,25-150,$ $$,台式,輕食,輕食,有提供素食,無,0,"日一二三四五六,1400-2400",chicken.png,C H
Oneway Cafe,118,106台北市大安區和平東路二段118巷38-1號,60-130,$ $$,西式,糕點、輕食、麵,麵食 糕點 輕食,葷,有,15,"日一二三四五六,0930-2200",coffee01.png,C H
Barkers,118,106台北市大安區和平東路二段118巷41號,200-400,$$ $$$ $$$$,西式,麵、漢堡、輕食、披薩,麵食 漢堡 輕食 披薩,有提供素食,有,40,"一二三四五六,1100-1500/1700-2100",pizza.png,C H
巧味快餐,118,106台北市大安區和平東路二段118巷43號,90-100,$,台式,飯,米食,葷,有,40,"日一二三四五,1100-1400/1700-2000",bento.png,C H
采味食光,118,106台北市大安區和平東路二段118巷36號,100-220,$ $$ $$$,中式,飯、麵,米食 麵食,葷,有,40,"日一二三四五六,1145-1400/1715-2030",noodle.png,C H
越悅越南茶餐廳,118,106台北市大安區和平東路二段118巷45號,80-160,$ $$,東南亞料理,飯、河粉,米食 麵食,葷,有,30,"一二三四五六,1100-1400/1700-2000",vietnam.png,C H
成都川菜小吃,118,106台北市大安區和平東路二段118巷41號,80-300,$ $$ $$$,中式,飯,米食,葷,有,40,"日一二三四五六,1130-2015",spicyndl.png,C
湄賽雲泰料理,118,106台北市大安區和平東路二段118巷39號,140-230,$$ $$$,東南亞料理,飯,米食,葷,有,40,"日二三四五六,1130-1400/1700-2100",southeast.png,C H
貝倫烘焙餐坊,118,106台北市大安區和平東路二段118巷37號,200-400,$$ $$$ $$$$,西式,飯、麵、輕食,米食 麵食 輕食,有提供素食,有,40,"日一二三四五六,0800-2100",coffee01.png,C H
黎記北越河粉,118,106台北市大安區和平東路二段118巷54弄9號,80-110,$ $$,東南亞料理,飯、河粉,米食 麵食,葷,有,30,"一二三四五六,1100-2100",vietnam.png,C H
Ooh Cha Cha 自然食科技大樓 & Hooch,118,106台北市大安區和平東路二段118巷4-1號,200-350,$$ $$$ $$$$,美式 西式,飯、麵、漢堡、輕食,米食 麵食 漢堡 輕食,全素,有,20,"日一二三四五六,1000-2200",coffee01.png,C H
卡帛素食烘培‧義式廚房‧港式餐點,118,106台北市大安區復興南路二段308巷5號,100-300,$ $$ $$$,西式 中式,飯、麵、輕食,米食 麵食 輕食,全素,有,40,"日一二三四五六,0800-2200",coffee01.png,C H
松田日式飯糰,118,106台北市大安區和平東路二段118巷5號,25-50,$,日式,飯,米食,有提供素食,有,5,"一二三四五,0715-1400/1700-1900 六,0715-1100",onigiri.png,C H
發現義大利麵,118,106台北市大安區和平東路二段118巷2之2號,110-150,$$,西式,飯、麵,米食 麵食,葷,有,30,"日一二三四五六,1100-2100",pasta01.png,C H
麵工坊義大利麵,118,106台北市大安區和平東路二段118巷37號,150-350,$$ $$$ $$$$,西式,飯、麵、披薩、輕食,米食 麵食 披薩 輕食,有提供素食,有,40,"日一二三四五六,1130-1400/1730-2030",pasta01.png,C H
靚咖哩,118,106台北市大安區和平東路二段118巷2號,100-130,$ $$,日式,飯,米食,葷,有,15,"一二三四五,1100-1430/1630-2030 六,1100-1400",curry02.png,C
山西刀削麵,118,106台北市大安區和平東路二段118巷2號,60-100,$,中式,麵,麵食,葷,有,30,"日一二三四五六,1100-1400/1700-2030",ndl2.png,C H
小姐姐麻辣食堂,118,106台北市大安區和平東路二段118巷4弄2號,60-120,$ $$,台式,麵,麵食,葷,有,30,"日一二三四五六,1130-2200",spicyndl.png,C
阿英海產粥,118,106台北市大安區復興南路二段268號,80-130,$ $$,台式,粥,米食,葷,有,10,"一二三四五,1100-1330/1630-2300",okayu.png,C
胖胖原味麻辣燙,118,106台北市大安區復興南路二段308號,80-150,$ $$,台式,麵,麵食,葷,有,20,"一二三四五六,1230-2230",spicyndl.png,C
全國食養健康素食自助餐,118,106台北市大安區復興南路二段314號,50-120,$ $$,台式,飯,米食,全素,有,20,"日一二三四五六,1030-1400/1630-2000",vege.png,C H
點亮咖啡,118,106台北市大安區復興南路二段332號,120-200,$$,西式,糕點、輕食,糕點 輕食,葷,有,20,"日一二三四五六,1200-1900",coffee01.png,H
弁當工場,118,106台北市大安區復興南路二段344號,90-110,$ $$,中式 日式 西式 韓式 東南亞料理,飯,米食,葷,有,30,"一二三四五六,0900-1300/1630-1900",bento.png,C H
阿英羊肉羹,118,106台北市大安區復興南路二段336號,40-100,$,台式,飯、麵,米食 麵食,葷,有,20,"一二三四五,1100-1400/1700-2000",noodle.png,C
瑞榮燒臘,118,106台北市大安區復興南路二段346號,80-130,$ $$,中式 港式,飯、麵,米食 麵食,葷,有,20,"一二三四五,1100-1400/1700-1900",hk.png,C H
壹之穴沾麵專門店,118,106台北市大安區復興南路二段350號,220-300,$$$,日式,麵,麵食,麵,有,30,"二三四五六,1200-1400/1700-2000",tukemen.png,C H
七里亭Bar茶飲簡餐,118,106台北市大安區復興南路二段358號,100-120,$ $$,台式,飯,米食,有提供素食,有,25,"日二三四五六,1100-1500/1700-2030",bento.png,C H
長興小舖,118,106台北市大安區復興南路二段362號,70-220,$ $$ $$$,台式,麵,麵食,葷,有,25,"一二四五,1130-1400/1700-2000 三六,1130-1400",beefndl.png,C H
池先生kopitiam,118,106台北市大安區復興南路二段385號,95-175,$ $$,南洋料理,飯、麵,米食 麵食,有提供素食,有,30,"日一二三四五六,**",southeast.png,C H
芝加哥比薩,118,106台北市大安區復興南路二段379號,320-430,$$$$,西式,披薩,披薩,有提供素食,有,30,"日一二三四五六,1100-2000",pizza.png,C H
麥味登,118,106台北市大安區復興南路二段377號,25-160,$ $$,台式 西式 美式,麵、飯、輕食,米食 麵食 輕食,有提供素食,有,30,"日二三四五六,0630-1430",mwd.png,C H
RUFOUS COFFEE ROASTERS,118,106台北市大安區復興南路二段339號,120-260,$$ $$$,西式,糕點、輕食,糕點 輕食,有提供素食,有,25,"日一二三五六,1300-2130",coffee01.png,C H
胖老爹,118,106台北市大安區復興南路二段333號,30-125,$ $$,西式 美式,速食、輕食,炸物 輕食,葷,有,10,"日一二三四五六,1600-2300",chicken.png,C H
雪球咖啡,118,106台北市大安區復興南路二段331號,40-75,$,西式,咖啡、輕食,輕食,葷,有,5,"日一二三四五六,0700-1500",coffee01.png,C H
樂町屋,118,106台北市大安區復興南路二段325號,120-140,$$,日式,飯、麵,米食 麵食,葷,有,20,"日一二三四五六,1100-1530/1700-2130",donburi.png,C H
Prozac Balcony 百憂解陽台,118,106台北市大安區復興南路二段313號,150-400,$$ $$$ $$$$,西式 美式,酒、輕食,輕食,葷,有,25,"日一二三四五六,0000-0200/2000-2400",bar.png,C H
寶飽的店,118,106台北市大安區復興南路二段309號,25-90,$,台式,飯、麵、輕食,米食 麵食 輕食,葷,有,10,"一二三四五六,0600-1430",bf.png,C H
貞有緣素食,118,106台北市大安區復興南路二段340巷2號,40-65,$,台式,飯、麵、麵疙瘩,米食 麵食,全素,有,10,"一二三四五,1130-1430/1700-2000",vege.png,C H
戰醬燒肉,正門到台電大樓,台北市中正區羅斯福路三段316巷7-3號,4.90E+12,$$$$$,日式,燒肉,烤物,葷,有,50+,"日一二三四五六,1200-2200",grill.png,C H
香港亨記,正門到台電大樓,台北市中正區羅斯福路三段316巷9弄4號,100-130,$ $$,港式 中式,飯、麵,米食 麵食,有提供素食,有,50+,"日一二三四五六,1100-2100",hk.png,C H
Mr. 拉麵野崎家,正門到台電大樓,台北市中正區羅斯福路三段316巷9弄2號,149-199,$$,日式,麵,麵食,葷,有,50+,"日一二三四五六,1130-2100",ramen01.png,C
Mr. 雪腐,正門到台電大樓,台北市中正區羅斯福路三段244巷21號,180,$$,台式 韓式 西式 日式,鍋物,鍋物,葷,有,45,"日一二三四五六,1200-2200",hot01.png,C
貳樓,正門到台電大樓,台北市中正區羅斯福路三段316巷9弄7號,300-600,$$$ $$$$ $$$$$,西式 東南亞料理 日式 韓式,麵、飯、肉排,米食 麵食 排餐,有提供素食,有,50+,"一二三四五,1000-2200 六日,0800-2200",2f.png,C H
Ville Cafe,正門到台電大樓,台北市中正區羅斯福路三段284巷5號,200-260,$$ $$$,西式,麵、飯、漢堡,米食 麵食 漢堡,葷,有,50+,"日一二三四五六,1130-2130",burger.png,C H
愛樂廚房,正門到台電大樓,台北市中正區羅斯福路三段282號2樓,"一二三四五,中午350 其他380",$$$$,韓式,烤肉,烤肉,葷,有,50+,"一二三四五,1130-1430/1700-2200 六日,1130-2200",grill.png,C H
右手餐廳,正門到台電大樓,台北市中正區羅斯福路三段306號,午餐180-200 其他280-400,$$$ $$$$ $$$$$,東南亞料理,麵、飯、河粉,麵食,葷,有,50+,"一二三四五,1100-1500/1700-2200 六日,1100-2200",southeast.png,C H
池先生,正門到台電大樓,台北市中正區羅斯福路三段284巷10號,180-240,$$ $$$,東南亞料理,麵、飯,米食 麵食,葷,有,40,"一二三四五,1130-1530/1700-2045 六日,1130-2045",southeast.png,C H
韓江館銅盤烤肉,正門到台電大樓,台北市中正區羅斯福路三段316巷9弄6號,午餐330 其他420,$$$$,韓式,烤肉,烤物,葷,有,50+,"日一三四五六,1130-1500/1700-2200",grill.png,C H
赤神,正門到台電大樓,台北市中正區羅斯福路三段286巷4弄14號,250-400,$$$ $$$$,日式,飯,米食,葷,有,50+,"一二三四五,1130-1500/1700-2200 六日,1130-2200",tonkatu.png,C H
銀座河粉蛋麵,正門到台電大樓,台北市中正區羅斯福路三段286巷4弄6號,95-130,$ $$,越式,麵、飯,米食 麵食,葷,,35,"日一二三四五六,1100-1400/1700-2100",vietnam.png,C H
如來素食樂園,正門到台電大樓,台北市中正區羅斯福路三段284巷3號,不拘,$ $$ $$$ $$$$ $$$$$,台式,麵、飯、米粉,米食 麵食,素,有,25,"日一二三四五六,1100-1500/1700-1945",vege.png,C H
尚家香,正門到台電大樓,台北市中正區汀州路三段137號,80-130,$ $$,雲南料理 中式,麵、巴巴絲、米線、河粉,麵食,葷,有,45,"日一二三四五六,1130-1430/1630-2030",vietnam.png,C H
豪記水餃專賣店,正門到台電大樓,台北市中正區汀州路三段143號,50-140,$ $$,台式,水餃、麵,麵食 餃類,葷,有,15,"一二三四五,1000-2030",dumpling.png,C H
首爾之家,正門到台電大樓,台北市中正區羅斯福路三段244巷10弄14號,200-300,$$ $$$,韓式,飯、鍋物、冬粉、麵,米食 麵食 鍋物,葷,有,50+,"日二三四五六,1100-1430/1700-2130",korean.png,C H
楓苑食坊,正門到台電大樓,台北市中正區羅斯福路三段210巷10弄1號,40-115,$ $$,台式,水餃、麵、飯,米食 麵食 餃類,葷,有,30,"一二三四五,1100-1400/1600-1900",dumpling.png,C H
朕點麻小面,正門到台電大樓,台北市中正區汀州路三段77號,40-65,$,台式 中式,麵,麵食,葷,有,15,"日一二三四五六,1600-2300",noodle.png,C
炸豆丸子國王,正門到台電大樓,台北市中正區汀州路三段95號,105-200,$$,中東料理,豆子,豆,素食,有,20-,"一二三四五六,1130-1400/1630-2100",mdeast.png,C H
伯朗咖啡館（公館店）,正門到台電大樓,台北市中正區羅斯福路三段236之1號,180-330,$$ $$$ $$$$,西式,麵,麵食,有提供素食,有,50+,"日一二三四五六,0730-2000",mrbrown.png,C H
El Sabroso,正門到台電大樓,台北市中正區汀州路三段107號之一,180-265,$$ $$$,美式,捲餅,捲餅,葷,有,15,"二三四五六,1100-1400/1700-2100 日,1100-1400/1700-2000",taco.png,C H
紅盤子,正門到台電大樓,台北市中正區羅斯福路三段244巷9弄1號1樓,120-160,$$,港式,麵、飯、米粉,米食 麵食,葷,有,25,"日一二三五六,1130-1430/1730-2030",noodle.png,C H
靜壽司,正門到台電大樓,台北市中正區羅斯福路三段316巷7-1號,55-290,$ $$ $$$,日式,壽司、飯、生魚片,米食,葷,有,30,"日一二三四五六,1100-1400/1700-2100",sasimi.png,H
炸雞大師,正門到台電大樓,台北市中正區羅斯福路三段316巷3號,65-144,$ $$,台式,肉排、飯,米食 排餐,葷,無,0,"日一二三四五六,1130-2230",chicken.png,C H
曼谷燒,正門到台電大樓,台北市中正區羅斯福路三段286巷18號,95-165,$ $$,東南亞料理,飯,米食,葷,有,20,"一二三四五,1130-1430/1700-2100 六日,1130-2100",thaicurry.png,C H
油夠飯濺,正門到台電大樓,台北市中正區羅斯福路三段286巷14號,80-120,$ $$,台式,飯,米食,有提供素食,有,30,"一二三四五,1130-1400/1700-2100 六日,1130-2100",bento.png,C H
大福利排骨大王,正門到台電大樓,台北市中正區羅斯福路三段286巷12號,50-120,$ $$,台式,麵、飯,米食 麵食,葷,有,45,"日一二三四五六,1100-2030",bento.png,C H
蔥丼,正門到台電大樓,台北市中正區羅斯福路三段286巷16號,140-180,$$,日式,麵、飯,米食 麵食,葷,有,25,"日二三四五六,1100-2100",donburi.png,C H
土虱大王,正門到台電大樓,台北市中正區羅斯福路三段286巷14號,35-70,$,台式,飯,米食,葷,有,20,"一二三四五六,1530-2330",bento.png,C H
阿姨滷味,正門到台電大樓,台北市中正區羅斯福路三段286巷12號,100,$,台式,鍋物、滷味、麵、冬粉,麵食 滷味 鍋物,葷,有,6,"日一二三四五六,1500-2300",luway.png,C
台大牛莊,正門到台電大樓,台北市中正區羅斯福路三段286巷4弄4號,55-100,$,台式,麵、飯、米粉、河粉、冬粉,米食 麵食,葷,有,50+,"日一二三四六,1100-1400/1700-2030",bento.png,C H
Torpedo Cheese Sandwich,正門到台電大樓,台北市中正區羅斯福路三段286巷,50-170,$ $$,美式 西式,三明治,三明治,葷,有,5,"日一二三四五六,1000-2200",taco.png,H
台南意麵,正門到台電大樓,台北市中正區羅斯福路三段286巷,60-180,$ $$,台式,麵、麵線,麵食,葷,有,20,"一二三四五六,1130-0100 日,1130-2200",noodle.png,C H
麵工坊意大利麵,正門到台電大樓,台北市中正區羅斯福路三段282號1樓,110-200,$$,西式,麵、飯,米食 麵食,葷,有,35,"日一二三四五六,1130-1500/1700-2030",pasta01.png,C H
Burger King,正門到台電大樓,台北市中正區羅斯福路三段246號,79-200,$ $$,美式 西式,漢堡,漢堡,葷,有,50+,"日一二三四五六,0700-2400",bk.png,C H
蒸夠臭,正門到台電大樓,台北市中正區羅斯福路三段244巷2弄2號,40-80,$,台式,麵、飯、米粉、冬粉,米食 麵食,素,有,20,"一二三四五六,1130-1400/1700-2100",spicyndl.png,C
佳奇燒烤飯,正門到台電大樓,台北市中正區羅斯福路三段244巷11號,70-100,$,台式,麵、飯,米食 麵食,有提供素食,有,15,"一二三四五,1100-2030",bento.png,C H
東雛菊,正門到台電大樓,台北市中正區汀州路三段127號,498 659 959,$ $$ $$$ $$$$ $$$$$,台式,鍋物,鍋物,葷,有,50+,"日一二三四五六,1130-1500/1730-2200",hot01.png,C
香鄉麵食館,正門到台電大樓,台北市中正區汀州路三段133號,40-90,$,台式,麵、飯、水餃,米食 麵食 餃類,葷,有,50+,"日一二三四五,1100-2200",spicyndl.png,C H
呷讚便當店,正門到台電大樓,台北市中正區汀州路三段103號,70,$,台式,飯,米食,葷,有,25,"一二三四五,1100-1500/1700-2030 六,1100-1500",bento.png,C H
耕莘魷魚羹,正門到台電大樓,台北市中正區汀州路三段75號,30-80,$,台式,麵、米粉、冬粉,麵食,葷,有,20,"一二三四五六,0700-1500",noodle.png,C H
小旺號 - 公館店,水源市場到正門,100台北市中正區羅斯福路四段90巷2之1號,60,$,台式,輕食、麵、飯,米食 麵食 輕食,葷,有,40,"日二三四五六,0700-2100",egg.png,C H
雲泰小鎮泰式料理,水源市場到正門,100台北市中正區羅斯福路四段90巷2-2號,不拘,$ $$ $$$ $$$$ $$$$$,東南亞料理,麵、飯,米食 麵食,葷,有,20,"日一二三四五六,1100-2200",southeast.png,C H
大家素食,水源市場到正門,100台北市中正區羅斯福路四段78巷2弄2號,60,$,台式,飯、麵,米食 麵食,全速,有,20,"日二三四五六,1100-1400/1600-2015",vege.png,C H
無鍋不樂,水源市場到正門,100台北市中正區羅斯福路四段78巷1弄3號,155,$$,台式,鍋物,鍋物,有提供素食,有,25,"二三四五,1130-1500/1700-2200 六日,1130-2200",hot01.png,C
Master K.,水源市場到正門,100台北市中正區羅斯福路四段78巷1弄5號,125,$$,日式,飯,米食,葷,有,30,"一二三四五,1130-1430/1700-2130 六日,1100-2130",donburi.png,C H
泰豐味,水源市場到正門,100台北市大安區羅斯福路四段78巷1弄7-1號,120,$$,東南亞料理,飯、麵,米食 麵食,葷,有,30,"日一二三四五六,1100-1400/1700-2200",southeast.png,C H
窩巷弄,水源市場到正門,100台北市中正區羅斯福路四段78巷1弄11號,275,$$$,西式,麵,麵食,葷,有,45,"日一二三四五六,1100-2100",pasta02.png,C H
韓天閣,水源市場到正門,100台北市中正區羅斯福路四段78巷1弄15號,200,$$,韓式,韓、麵,米食 麵食,有提供素食,有,50+,"日一二三四五六,1130-1430/1700-2130",korean.png,C H
泰國小館,水源市場到正門,100台北市中正區汀州路三段219號,210,$$$,東南亞料理,飯、麵,米食 麵食,葷,有,40,"日一二三四五六,1130-2130",thaicurry.png,C H
大盛豬排專門店,水源市場到正門,100台北市中正區羅斯福路四段52巷16弄15-1號,310,$$$$,日式,飯,米食 麵食,葷,有,30,"日二三四五六,1130-1400/1700-2015",curry01.png,C H
LULU Poke & Hotpot 夏威夷沙拉拌飯 & 健康小火鍋,水源市場到正門,100台北市中正區羅斯福路四段52巷16弄1號16弄1號,130,$$,美式 西式,鍋、飯,米食 鍋物,有提供素食,有,40,"日一二三四五六,1130-2100",hot01.png,C
麻辣巴蕾正宗重慶酸辣粉,水源市場到正門,100台北市中正區汀州路三段183號,120,$$,台式,麵,麵食,有提供素食,有,30,"一二三四五,1130-2130 六日,1130-2200",spicyndl.png,C
YU POKE-夏威夷生魚飯,水源市場到正門,100台北市中正區羅斯福路四段24巷12弄4號,70,$,美式 西式,飯,米食,有提供素食,有,30,"日一三四五六,1130-2030",poke.png,H
我家涼麵,水源市場到正門,100台北市中正區汀州路三段229號,70,$,台式,麵,麵食,葷,有,25,"日一三四五六,1100-2200",coldnoodle.png,H
喜禾嘉,水源市場到正門,100台北市中正區汀州路三段233號1樓,100,$,台式,飯,米食,葷,有,20,"日一二五六,1115-2200",bento.png,C H
曼德樂泰式料理,水源市場到正門,100台北市中正區汀州路三段239號,200,$$,東南亞料理,飯,米食,葷,有,25,"日一二三四五六,1130-2130",southeast.png,C H
佳興福州魚丸店,水源市場到正門,100台北市中正區汀州路三段243號,70,$,台式,麵,麵食,葷,有,25,"日一二三四五六,1100-2300",noodle.png,C H
麥當勞,水源市場到正門,100台北市中正區羅斯福路四段76-1號,100,$,美式 西式,漢堡,漢堡,葷,有,40,"日一二三四五六,0600-2400",mcdonald.png,C H
壽司郎,水源市場到正門,100台北市中正區館前路8號2樓,80,$,日式,飯、麵,米食 麵食,葷,有,50+,"日一二三四五六,1030-2230",sushiro.png,H
Bravo Burger發福廚房公館台大店,水源市場到正門,100台北市中正區羅斯福路四段44之1號2樓,220,$$$,美式 西式,漢堡,漢堡,葷,有,45,"一二三四五,1130-2130 六日,1130-2230",burger.png,C H
吉野家,水源市場到正門,100台北市中正區羅斯福路四段6號,150,$$,日式,飯,米食,葷,有,40,"日一二三四五六,0000-0400/0500-2400",yoshi.png,C H
淬煉廚房,水源市場到正門,100台北市中正區羅斯福路四段12巷3號,120,$$,西式,比薩,披薩,葷,有,25,"日二三四五六,1130-1400/1630-2100",pizza.png,C H
兩津芙蓉蛋塔-公館店,水源市場到正門,100台北市中正區羅斯福路三段316巷2號,40,$,日式,麵包,輕食,有提供素食,無,0,"日一二三四五六,1100-2000",egg.png,H
太學口糯米腸包香腸,水源市場到正門,100台北市中正區羅斯福路三段286巷18號,50,$,台式,飯,米食,葷,無,0,"日一二三四五六,1130-2400",bigbaosmall.png,C H
魯肉飯香,水源市場到正門,100台北市中正區羅斯福路三段316巷12號,60,$,台式,飯,米食,葷,有,20,"日一二三四五六,1500-2400",porkrice.png,C H
12MINI經典即享鍋,水源市場到正門,100台北市中正區羅斯福路三段316巷14號,155,$$,台式,鍋,鍋物,有提供素食,有,45,"一二三四五,1100-2230 六日,1100-2300",hot01.png,C
藍家割包,水源市場到正門,100台北市中正區羅斯福路三段316巷8弄3號,60,$,台式,輕食、飯,米食 輕食,葷,有,30,"日一二三四五六,1100-2300",guabao.png,C H
金雞園,水源市場到正門,100台北市中正區羅斯福路三段316巷8弄3號,不拘,$ $$ $$$ $$$$ $$$$$,台式,輕食、飯,米食 輕食,葷,有,20,"日一二三四五六,1000-2200",hk.png,C H
劉記川味牛肉麵,水源市場到正門,100台北市中正區羅斯福路三段316巷8弄6號,150,$$,台式,麵,麵食,葷,有,25,"一二三四五六,1200-2000",beefndl.png,C H
泰味鮮,水源市場到正門,100台北市中正區羅斯福路三段316巷8弄5號,150,$$,東南亞料理,飯、麵,米食 麵食,葷,有,30,"日一二三四五六,1130-1400/1630-2130",southeast.png,C H
金牛座牛排館,水源市場到正門,100台北市中正區羅斯福路三段316巷8弄8號,220,$$$,台式,牛排,排餐,葷,有,20,"日一二三四五六,1130-1400/1630-2145",steak.png,C H
費斯達香草洋食館,水源市場到正門,100台北市中正區羅斯福路三段316巷8弄14號,120,$$,西式,麵,麵食,葷,有,20,"日一二三四五六,1200-1430/1730-2130",pasta01.png,C H
翠薪越南餐廳,水源市場到正門,100台北市中正區羅斯福路四段24巷11號,150,$$,東南亞料理,飯、麵,米食 麵食,葷,有,30,"日一二三四五六,1120-1430/1720-2100",vietnam.png,C H
(大一女) 比司多早午餐,台大學餐,106台北市大安區舟山路280巷,20-60,$,台式,麵包、輕食,麵包 輕食,葷,有,50+,"日一二三四五六,0630-1420",bf.png,H
(大一女) 金閣屋,台大學餐,106台北市大安區舟山路280巷,70-110,$ $$,台式 韓式 西式 日式,飯、麵、水餃,米食 麵食 餃類,葷,有,50+,"日一二三四五六,1100-2000",korean.png,C H
(大一女) 桔客義式麵屋,台大學餐,106台北市大安區舟山路280巷,70-130,$ $$,西式,麵、披薩,麵食 披薩,有提供素食,有,50+,"日一二三四五六,1030-2000",pasta02.png,C H
(大一女) 華克山莊:傳統韓國料理,台大學餐,106台北市大安區舟山路280巷,70-110,$ $$,韓式,飯、麵,米食 麵食,有提供素食,有,50+,"一二三四五六,1130-2000",korean.png,C H
(大一女) 椰林燒臘,台大學餐,106台北市大安區舟山路280巷,50-100,$,港式,飯,米食,葷,有,50+,"一二三四五,1030-1930 六,1030-1430",bento.png,C H
(大一女) 吉登自助餐,台大學餐,106台北市大安區舟山路280巷,不拘,$ $$ $$$ $$$$ $$$$$,中式,飯,米食,有提供素食,有,50+,"日一二三四五六,1030-2020",bento.png,C H
(女九) 自助餐,台大學餐,106台北市大安區羅斯福路四段1號,不拘,$ $$ $$$ $$$$ $$$$$,中式,飯,米食,有提供素食,有,50+,"一二三四五,1040-1930",bento.png,C H
(女九) 滷味,台大學餐,106台北市大安區羅斯福路四段1號,不拘,$ $$ $$$ $$$$ $$$$$,台式,麵、輕食,麵食 輕食,葷,有,50+,"一二三四五,1130-1900",luway.png,C H
(女九) 早餐,台大學餐,106台北市大安區羅斯福路四段1號,12-70,$,中式 西式,麵包、輕食,麵包 輕食,有提供素食,有,50+,"一二三四五,0700-1300",bf.png,C H
(女九) 美味快餐,台大學餐,106台北市大安區羅斯福路四段1號,80-90,$,台式,飯,米食,有提供素食,有,50+,"一二三四五,1100-1900",bento.png,C H
(女九) 丼飯,台大學餐,106台北市大安區羅斯福路四段1號,65-80,$,日式,飯,米食,有提供素食,有,50+,"一二三四五,1120-1930",donburi.png,C H
(女九) 義韓式料理,台大學餐,106台北市大安區羅斯福路四段1號,70-120,$ $$,西式 韓式,飯、麵,米食 麵食,有提供素食,有,50+,"一二三四五六,1100-1930",korean.png,C H
(女九) 輕鬆吧,台大學餐,106台北市大安區羅斯福路四段1號,20-60,$,西式,糕點、輕食,糕點 輕食,有提供素食,有,50+,"一二三四五六,0900-1930",pan.png,H
(男一) 早餐吧,長興,106台北市大安區長興街50號,20-60,$,中式 西式,麵包、輕食,麵包 輕食,有提供素食,有,50+,"一二三四五六,0600-1300",bf.png,C H
(男一) Mark's Kitchen,長興,106台北市大安區長興街50號,不拘,$ $$ $$$ $$$$ $$$$$,中式,飯,米食,有提供素食,有,50+,"日一二三四五六,1100-1930",bento.png,C H
(男一) 福州乾拌麵、簡餐,長興,106台北市大安區長興街50號,25-100,$,台式,麵、水餃、輕食,麵食 餃類 輕食,有提供素食,有,50+,"日一二四五六,1100-2000",dumpling.png,C H
(男一) 趙媽媽滷味,長興,106台北市大安區長興街50號,95-115,$ $$,台式,麵、輕食,麵食 輕食,葷,有,50+,"日一二三四五,1730-2400",luway.png,C H
(男一) 武吉家,長興,106台北市大安區長興街50號,70-150,$ $$,日式,飯、麵、炸物,米食 麵食 炸物,葷,有,50+,"日一二三四五六,1030-2000",donburi.png,C H
(男一) 蔡老師蔬食,長興,106台北市大安區長興街50號,50-100,$,台式,飯,米食,有提供素食,有,50+,"日一二三四五六,1100-1930",vege.png,C H
(男一) 豬排飯,長興,106台北市大安區長興街50號,60-100,$,中式 台式,飯,米食,葷,有,30,"日一二三四五六,1100-1930",bento.png,C H
(活大) 御喜自助餐,台大學餐,106台北市大安區羅斯福路四段1號,不拘,$ $$ $$$ $$$$ $$$$$,中式,飯,米食,有提供素食,有,50+,"日一二三四五六,1100-2000",bento.png,C H
(活大) 韓風小舖,台大學餐,106台北市大安區羅斯福路四段1號,50-100,$,韓式,飯、麵,米食 麵食,有提供素食,有,50+,"一二三四五六,1100-1930",korean.png,C H
(活大) 食香園素食館,台大學餐,106台北市大安區羅斯福路四段1號,50-60,$,中式,飯,米食,全素,有,50+,"一二三四五,1100-1900",vege.png,C H
(活大) 金盃美而美,台大學餐,106台北市大安區羅斯福路四段1號,30-80,$,台式,輕食,輕食,有提供素食,有,50+,"日一二三四五六,1100-1930",bf.png,C H
(活大) 四海遊龍,台大學餐,106台北市大安區羅斯福路四段1號,15-80,$,台式,水餃,餃類,葷,有,50+,"一二三四五六,1100-1930",dumpling.png,C H
(活大) 土耳其慕法,台大學餐,106台北市大安區羅斯福路四段1號,50-90,$,中東料理,飯、麵,米食 麵食,葷,有,50+,"一二三四五,1100-1930 日,1100~1930",mdeast.png,C H
(活大) 海音brunch,台大學餐,106台北市大安區羅斯福路四段1號,10-100,$,台式 西式,麵包、飯、輕食,米食 麵包 輕食,葷,有,50+,"一二三四五,0730-1900 六,0730-1400",bf.png,C H
(活大) 麥當勞,台大學餐,106台北市大安區羅斯福路四段1號,20-200,$ $$,西式,速食,漢堡 炸物,葷,有,50+,"一二三四五六,0700-2100 日,0700-1800",mcdonald.png,C H
(活大) 里洋烘培坊,台大學餐,106台北市大安區羅斯福路四段1號,20-60,$,中式 西式,麵包、蛋糕,麵包 蛋糕,葷,無,0,"一二三四五,0800-2000 六日,1000-1900",pan.png,C H
(卓聯) 丹堤咖啡,台大學餐,106台北市大安區羅斯福路四段1號,40-200,$ $$,西式,飯、麵、甜點,米食 麵食 糕點,葷,有,25,"日一二三四五六,0700-2000",dante.png,C H
(卓聯) 肯德基kfc,台大學餐,106台北市大安區羅斯福路四段1號,20-200,$ $$,西式,速食,漢堡 炸物,葷,有,50+,"日一二三四五六,1000-2000",chicken.png,C H
(卓聯) 全家喜湯包,台大學餐,106台北市大安區羅斯福路四段1號,10-80,$,中式,水餃、點心,餃類 其他,葷,有,50+,"日一二三四五六,0900-1900",dumpling.png,C H
(卓聯) 路易莎咖啡,台大學餐,106台北市大安區羅斯福路四段1號,40-100,$,西式,輕食,輕食,有提供素食,有,30,"日一二三四五六,0800-1900",louisa.png,H
(卓聯) 品軒樓中餐廳自助餐,台大學餐,106台北市大安區羅斯福路四段1號,不拘,$ $$ $$$ $$$$ $$$$$,中式,飯,米食,有提供素食,有,50+,"日一二三四五六,1130-2100",bento.png,C H
(小福) 摩斯漢堡,台大學餐,106台北市大安區羅斯福路四段1號,30-150,$ $$,西式,速食,漢堡 炸物,葷,有,50+,"日一二三四五六,1100-1900",mos.png,C H
(小福) 比司多早午餐,台大學餐,106台北市大安區羅斯福路四段1號,20-60,$,台式,麵包、輕食,麵包 輕食,葷,有,50+,"一二三四五,0700-1900 六,0700-1400",bf.png,H
(小福) 文湯武醬,台大學餐,106台北市大安區羅斯福路四段1號,60-85,$,台式,麵,麵食,葷,有,50+,"一二三四五,1100-2000 六日,1100-1900",noodle.png,C H
(小福) All Pass,台大學餐,106台北市大安區羅斯福路四段1號,50-110,$ $$,日式 韓式,飯、麵,米食 麵食,有提供素食,有,50+,"一二三四五,1100-2000 六,1100-1900",korean.png,C H
(小福) 稻彥商號,台大學餐,106台北市大安區羅斯福路四段1號,80-100,$,日式,飯、麵,米食 麵食,葷,有,50+,"日一二三四五六,1000-2000",sushi.png,C H
(小福) hello café,台大學餐,106台北市大安區羅斯福路四段1號,40-120,$ $$,西式,輕食、飯、麵、咖啡,米食 麵食 輕食,葷,有,30,"日一二三四五六,0700-2100",cafe.png,C H
(小福) 炸雞大獅,台大學餐,106台北市大安區羅斯福路四段1號,40-120,$ $$,日式,飯、炸物,米食 炸物,葷,有,50+,"一二三四五,1100-2000 六日,1100-1900",chicken.png,C H
小木屋鬆餅,台大學餐,106台北市大安區羅斯福路四段1號,40-70,$,日式,輕食,輕食,葷,無,0,"一二三四五,0730-1900 六日,0900-1700",xiaomuwu.png,H
(二活) Subway,台大學餐,106台北市大安區羅斯福路四段85號,40-120,$ $$,西式,麵包、輕食,麵包 輕食,有提供素食,有,15,"日一二三四五六,0930-2200",subway.png,H
(二活) 魯山人和風壽喜鍋物,台大學餐,106台北市大安區羅斯福路四段85號,150-300,$$ $$$,日式,火鍋,鍋物,葷,有,30,"日一二三四五六,1100-2200",hot01.png,C
(二活) 龐德羅莎,台大學餐,106台北市大安區羅斯福路四段85號,100-300,$ $$ $$$,西式,牛排、輕食,排餐 輕食,有提供素食,有,30,"日一二三四五六,1100-2100",steak.png,C H
(二活) 莫凡彼咖啡館,台大學餐,106台北市大安區羅斯福路四段85號,100-300,$ $$ $$$,西式 日式,速食,米食 麵食 排餐 沙拉,葷,有,20,"一二三四五,0830-2200 六日,0900-2200",steak.png,C H
(二活) Lacuz泰式餐廳,台大學餐,106台北市大安區羅斯福路四段85號,150-200,$$,東南亞料理,飯、麵,米食 麵食,葷,有,30,"日一二三四五六,1100-2300",southeast.png,C H
(二活) 小蔬杭,台大學餐,106台北市大安區羅斯福路四段85號,60-150,$ $$,台式,飯、麵,米食 麵食,有提供素食,有,20,"日二三四五六,1130-2100",vege.png,C H
(小小福) 第二小吃部,台大學餐,106台北市大安區羅斯福路四段1號,30-70,$,台式,飯、麵、粥,米食 麵食,全素,有,30,"一二三四五,0730-2000",bento.png,C H
(小小福) 帕兔,台大學餐,106台北市大安區羅斯福路四段1號,40-100,$,西式,輕食、麵包、麵,輕食 麵包 麵食,有提供素食,無,0,"一二三四五,0730-2000",bf.png,C H
(小小福) 大叔韓國炸雞,台大學餐,106台北市大安區羅斯福路四段1號,50-100,$,韓式,飯,米食,葷,有,30,"一二三四五,0730-1900 六日,1000-1530",korean.png,C H
(台科大第一) 宏福鐵板牛排,台科大學餐,106台北市大安區基隆路四段43號,50-160,$ $$,西式,牛排、飯、麵,米食 麵食 排餐,葷,有,50+,"日一二三四五六,0700-2000",steak.png,C H
(台科大第一) 自助餐,台科大學餐,106台北市大安區基隆路四段43號,不拘,$ $$ $$$ $$$$ $$$$$,中式,飯,米食,有提供素食,有,50+,"日一二三四五六,0700-2000",bento.png,C H
(台科大第一) 丼太郎,台科大學餐,106台北市大安區基隆路四段43號,50-90,$,日式,飯、麵,米食 麵食,葷,有,50+,"日一二三四五六,0700-2000",donburi.png,C H
(台科大第一) 高麗元,台科大學餐,106台北市大安區基隆路四段43號,45-120,$ $$,韓式,飯,米食,葷,有,50+,"日一二三四五六,0700-2000",korean.png,C H
(台科大第一) 炸多多,台科大學餐,106台北市大安區基隆路四段43號,30-90,$,台式 港式 中式,飯、粥,米食,葷,有,50+,"日一二三四五六,0700-2000",bento.png,C H
(台科大第一) 食味溫州大餛飩,台科大學餐,106台北市大安區基隆路四段43號,45-90,$,中式,水餃、麵、飯,米食 麵食 餃類,葷,有,50+,"日一二三四五六,0700-2000",dumpling.png,C H
(台科大第一) 福客亭早餐吧,台科大學餐,106台北市大安區基隆路四段43號,25-60,$,台式,輕食、麵,麵食 輕食,有提供素食,有,50+,"日一二三四五六,0700-2000",negi.png,H
(台科大第一) 小熊廚房,台科大學餐,106台北市大安區基隆路四段43號,15-60,$,台式,麵包、炸物,麵包 炸物,葷,有,50+,"日一二三四五六,0700-2000",chicken.png,H
(台科大第一) 甘味廚房,台科大學餐,106台北市大安區基隆路四段43號,65-100,$,台式 日式 東南亞料理,飯、麵,米食 麵食,葷,有,50+,"日一二三四五六,0700-2000",bento.png,C H
(台科大第三) 稻村麵包,台科大學餐,106台北市大安區基隆路四段43號,20-60,$,西式,麵包,麵包,葷,無,0,"日一二三四五六,0600-2000",pan.png,H
(台科大第三) 八方雲集,台科大學餐,106台北市大安區基隆路四段43號,50-150,$ $$,中式,水餃、麵,麵食 餃類,有提供素食,有,50+,"日一二三四五六,0600-2000",dumpling.png,C H
(台科大第三) 雞同ㄚ講,台科大學餐,106台北市大安區基隆路四段43號,65-80,$,港式,飯,米食,葷,有,50+,"日一二三四五六,0600-2000",hk.png,C H
(台科大第三) 帝一位自助餐,台科大學餐,106台北市大安區基隆路四段43號,不拘,$ $$ $$$ $$$$ $$$$$,中式,飯,米食,有提供素食,有,50+,"日一二三四五六,0600-2000",bento.png,C H
(台科大第三) 藝素佳,台科大學餐,106台北市大安區基隆路四段43號,20-50,$,中式,飯,米食,全素,有,50+,"一二三四五,1000-1930",vege.png,C H
(台科大第三) 天津蔥抓餅,台科大學餐,106台北市大安區基隆路四段43號,25-70,$,台式,輕食、甜點,輕食 甜點,有提供素食,有,50+,"日一二三四五六,0800-2000",negi.png,H
(台科大第三) 活力讚,台科大學餐,106台北市大安區基隆路四段43號,20-70,$,台式,輕食,輕食,有提供素食,有,50+,"日一二三四五六,0600-2000",bf.png,C H
(台科大第三) 京都日式料理,台科大學餐,106台北市大安區基隆路四段43號,40-80,$,日式,飯,米食,葷,有,50+,"日一二三四五六,0600-2000",donburi.png,C H
(台科大第三) 豪享來麵店,台科大學餐,106台北市大安區基隆路四段43號,70-90,$,西式,麵,麵食,葷,有,50+,"日一二三四五六,0600-2000",pasta01.png,C H
(台科大第三) 突厥廚房,台科大學餐,106台北市大安區基隆路四段43號,45-100,$,中式 台式,飯,米食,有提供素食,有,50+,"日一二三四五六,0600-2000",bento.png,C H
Shallot 紅蔥餐館,台科大學餐,106台北市大安區基隆路三段137號,150-500,$$ $$$ $$$$,西式,飯、麵、漢堡,米食 麵食 漢堡,葷,有,30,"一二三四五六,1200-1430/1730-2100",steak.png,C H
長興小舖,長興,106台北市大安區復興南路二段362號,70-220,$ $$ $$$,台式,麵,麵食,有提供素食,有,20,"一二四五,1130-1400/1700-2000 三六,1130-1400",noodle.png,C H
長興街轉角哥,長興,106台北市大安區長興街50號,25-90,$,台式,飯、麵,米食 麵食,有提供素食,無,0,"日一二三四五六,1800-2130",noodle.png,C H
台大後餐鹹酥雞,長興,106台北市大安區長興街57號,不拘,$ $$ $$$ $$$$ $$$$$,台式,炸物,炸物,有提供素食,無,0,"日一二三四五六,1800-0100",chicken.png,C H
Living One,長興,106台北市大安區基隆路三段長興街口台大校園內明達館一樓,500-1000,$$$$$,西式,飯、麵、甜點,米食 麵食 甜點,葷,有,40,"日一三四五六,1130-1400/1700-2100",pasta01.png,C H
迦南餐廳,長興,106台北市大安區長興街92號,80-150,$ $$,中式,飯,米食,有提供素食,有,30,"一二三四五,1045-1300/1645-1900",bento.png,C H
手串本舖串燒,長興,106台北市大安區仁愛路四段8巷20號,200-500,$$ $$$ $$$$,日式,串燒,烤物,葷,有,30,"一二三四五六,1800-2330",grill.png,C H
星巴克 長興門市,長興,106台北市大安區基隆路三段85號,120-300,$$ $$$,西式 美式,甜點、輕食,甜點 輕食,有提供素食,有,40,"一二三四五,0730-1900 六日,0830-1530",starbucks.png,H
波斯菊素食坊,長興,106台北市大安區長興街50號,50-100,$,台式,飯,米食,全素,有,10,"一二三四五,1100-1400/1630-1930 六,1100-1400",vege.png,C H
